volume,start page,cec pdf
1,1,1-001
1,2,1-002
1,3,1-003
1,4,1-004
1,5,1-005
1,7,1-007
1,8,1-008
1,9,1-009
1,10,1-010
1,11,1-011
1,13,1-013
1,15,1-015
1,16,1-016
1,17,1-017
1,18,1-018
1,19,1-019
1,20,1-020
1,21,1-021
1,22,1-022
1,23,1-023
1,25,1-025
1,26,1-026
1,27,1-027
1,28,1-028
1,29,1-029
1,31,1-031
1,32,1-032
1,33,1-033
1,34,1-034
1,36,1-036
1,40,1-040
1,41,1-041
1,43,1-043
1,44,1-044
1,49,1-049
1,52,1-052
1,56,1-056
1,57,1-057
1,59,1-059
1,64,1-064
1,65,1-065
1,68,1-068
1,70,1-070
1,73,1-073
1,76,1-076
1,78,1-078
1,81,1-081
1,85,1-085
1,86,1-086
1,89,1-089
1,93,1-093
1,94,1-094
1,96,1-096
1,97,1-097
1,99,1-099
1,100,1-100
1,105,1-105
1,106,1-106
1,107,1-107
1,113,1-113
1,115,1-115
1,120,1-120
1,121,1-121
1,125,1-125
1,129,1-129
1,131,1-131
1,132,1-132
1,137,1-137
1,140,1-140
1,144,1-144
1,145,1-145
1,148,1-148
1,152,1-152
1,153,1-153
1,154,1-154
1,156,1-156
1,160,1-160
1,161,1-161
1,162,1-162
1,163,1-163
1,168,1-168
1,169,1-169
1,172,1-172
1,177,1-177
1,179,1-179
1,183,1-183
1,185,1-185
1,188,1-188
1,193,1-193
1,194,1-194
1,195,1-195
1,201,1-201
1,205,1-205
1,209,1-209
1,214,1-214
1,217,1-217
1,corrections,1-corrections
1,cover,1-cover
1,index,1-index
10,1,10-001
10,7,10-007
10,13,10-013
10,15,10-015
10,19,10-019
10,22,10-022
10,31,10-031
10,43,10-043
10,47,10-047
10,59,10-059
10,73,10-073
10,74,10-074
10,78,10-078
10,80,10-080
10,85,10-085
10,93,10-093
10,111,10-111
10,115,10-115
10,116,10-116
10,118,10-118
10,122,10-122
10,127,10-127
10,134,10-134
10,140,10-140
10,156,10-156
10,164,10-164
10,168,10-168
10,171,10-171
10,184,10-184
10,186,10-186
10,187,10-187
10,188,10-188
10,190,10-190
10,201,10-201
10,205,10-205
10,210,10-210
10,216,10-216
10,218,10-218
10,221,10-221
10,224,10-224
10,cover,10-cover
10,index,10-index
11,1,11-001
11,7,11-007
11,14,11-014
11,15,11-015
11,20,11-020
11,21,11-021
11,23,11-023
11,25,11-025
11,28,11-028
11,29,11-029
11,30,11-030
11,32,11-032
11,33,11-033
11,34,11-034
11,35,11-035
11,36,11-036
11,37,11-037
11,38,11-038
11,39,11-039
11,44,11-044
11,47,11-047
11,54,11-054
11,61,11-061
11,62,11-062
11,63,11-063
11,64,11-064
11,65,11-065
11,69,11-069
11,72,11-072
11,74,11-074
11,75,11-075
11,76,11-076
11,80,11-080
11,81,11-081
11,82,11-082
11,83,11-083
11,84,11-084
11,89,11-089
11,102,11-102
11,103,11-103
11,104,11-104
11,105,11-105
11,107,11-107
11,108,11-108
11,113,11-113
11,114,11-114
11,118,11-118
11,120,11-120
11,121,11-121
11,122,11-122
11,126,11-126
11,covers-n1,11-covers-n1
11,covers-n2,11-covers-n2
11,covers-n3,11-covers-n3
11,covers-n4,11-covers-n4
11,covers-n5,11-covers-n5
11,covers-n6,11-covers-n6
11,index,11-index
11,plate-n2,11-plate-n2
11,plate-n6,11-plate-n6
11,plates,11-plates
12,1,12-001
12,13,12-013
12,19,12-019
12,25,12-025
12,26,12-026
12,29,12-029
12,30,12-030
12,33,12-033
12,36,12-036
12,39,12-039
12,43,12-043
12,44,12-044
12,46,12-046
12,50,12-050
12,51,12-051
12,54,12-054
12,55,12-055
12,58,12-058
12,61,12-061
12,75,12-075
12,76,12-076
12,77,12-077
12,79,12-079
12,84,12-084
12,85,12-085
12,91,12-091
12,93,12-093
12,95,12-095
12,96,12-096
12,98,12-098
12,106,12-106
12,111,12-111
12,115,12-115
12,117,12-117
12,124,12-124
12,125,12-125
12,covers-n1,12-covers-n1
12,covers-n2,12-covers-n2
12,covers-n3+4,12-covers-n3+4
12,covers-n5,12-covers-n5
12,covers-n6,12-covers-n6
12,index,12-index
13,1,13-001
13,5,13-005
13,11,13-011
13,22,13-022
13,23,13-023
13,24,13-024
13,109,13-109
13,114,13-114
13,117,13-117
13,123,13-123
13,135,13-135
13,136,13-136
13,137,13-137
13,149,13-149
13,153,13-153
13,154,13-154
13,158,13-158
13,159,13-159
13,covers-n1,13-covers-n1
13,covers-n5,13-covers-n5
13,covers-n6,13-covers-n6
13,index,13-index
14,1,14-001
14,5,14-005
14,8,14-008
14,9,14-009
14,10,14-010
14,11,14-011
14,14,14-014
14,15,14-015
14,21,14-021
14,23,14-023
14,27,14-027
14,40,14-040
14,41,14-041
14,45,14-045
14,57,14-057
14,58,14-058
14,59,14-059
14,61,14-061
14,62,14-062
14,63,14-063
14,67,14-067
14,68,14-068
14,70,14-070
14,71,14-071
14,75,14-075
14,80,14-080
14,87,14-087
14,89,14-089
14,91,14-091
14,92,14-092
14,95,14-095
14,101,14-101
14,covers-n1,14-covers-n1
14,covers-n2,14-covers-n2
14,covers-n3,14-covers-n3
14,covers-n4,14-covers-n4
14,covers-n5,14-covers-n5
15,1,15-001
15,3,15-003
15,4,15-004
15,6,15-006
15,9,15-009
15,11,15-011
15,14,15-014
15,16,15-016
15,21,15-021
15,25,15-025
15,26,15-026
15,32,15-032
15,41,15-041
15,42,15-042
15,43,15-043
15,44,15-044
15,47,15-047
15,50,15-050
15,53,15-053
15,58,15-058
15,60,15-060
15,61,15-061
15,67,15-067
15,81,15-081
15,85,15-085
15,covers-n1,15-covers-n1
15,covers-n2,15-covers-n2
15,covers-n3,15-covers-n3
15,covers-n4,15-covers-n4
15,index,15-index
16,1,16-001
16,5,16-005
16,12,16-012
16,13,16-013
16,16,16-016
16,17,16-017
16,19,16-019
16,20,16-020
16,23,16-023
16,28,16-028
16,29,16-029
16,31,16-031
16,32,16-032
16,34,16-034
16,35,16-035
16,43,16-043
16,49,16-049
16,58,16-058
16,65,16-065
16,67,16-067
16,99,16-099
16,106,16-106
16,110,16-110
16,112,16-112
16,113,16-113
16,114,16-114
16,covers-n1,16-covers-n1
16,covers-n2,16-covers-n2
16,covers-n3,16-covers-n3
16,covers-n5,16-covers-n5
16,index,16-index
17,1,17-001
17,7,17-007
17,9,17-009
17,28,17-028
17,29,17-029
17,33,17-033
17,37,17-037
17,38,17-038
17,41,17-041
17,63,17-063
17,69,17-069
17,72,17-072
17,73,17-073
17,76,17-076
17,79,17-079
17,81,17-081
17,83,17-083
17,86,17-086
17,87,17-087
17,90,17-090
17,91,17-091
17,99,17-099
17,105,17-105
17,106,17-106
17,108,17-108
17,118,17-118
17,122,17-122
17,125,17-125
17,130,17-130
17,131,17-131
17,135,17-135
17,136,17-136
17,142,17-142
17,145,17-145
17,160,17-160
17,161,17-161
17,164,17-164
17,165,17-165
17,166,17-166
17,169,17-169
17,177,17-177
17,186,17-186
17,190,17-190
17,206,17-206
17,210,17-210
17,219,17-219
17,228,17-228
17,235,17-235
17,244,17-244
17,248,17-248
17,252,17-252
17,255,17-255
17,256,17-256
17,258,17-258
17,covers-n1,17-covers-n1
17,covers-n2,17-covers-n2
17,covers-n3,17-covers-n3
17,covers-n4,17-covers-n4
17,covers-n5,17-covers-n5
17,covers-n6,17-covers-n6
17,important-notice,17-important-notice
17,index,17-index
17,stray-plates-n3,17-stray-plates-n3
17,stray-plates-n6,17-stray-plates-n6
19,1,19-001
19,5,19-005
19,9,19-009
19,12,19-012
19,14,19-014
19,20,19-020
19,22,19-022
19,25,19-025
19,36,19-036
19,41,19-041
19,62,19-062
19,63,19-063
19,66,19-066
19,69,19-069
19,71,19-071
19,77,19-077
19,90,19-090
19,91,19-091
19,92,19-092
19,97,19-097
19,98,19-098
19,100,19-100
19,102,19-102
19,104,19-104
19,105,19-105
19,106,19-106
19,108,19-108
19,110,19-110
19,113,19-113
19,118,19-118
19,121,19-121
19,134,19-134
19,135,19-135
19,137,19-137
19,139,19-139
19,145,19-145
19,147,19-147
19,149,19-149
19,151,19-151
19,153,19-153
19,156,19-156
19,159,19-159
19,160,19-160
19,162,19-162
19,172,19-172
19,181,19-181
19,184,19-184
19,191,19-191
19,195,19-195
19,199,19-199
19,200,19-200
19,203,19-203
19,206,19-206
19,208,19-208
19,covers-n1,19-covers-n1
19,covers-n2,19-covers-n2
19,covers-n3,19-covers-n3
19,covers-n4,19-covers-n4
19,covers-n5,19-covers-n5
19,covers-n6,19-covers-n6
19,index,19-index
19,stray-plates-n5,19-stray-plates-n5
2,1,2-001
2,2,2-002
2,9,2-009
2,17,2-017
2,19,2-019
2,22,2-022
2,24,2-024
2,33,2-033
2,34,2-034
2,39,2-039
2,42,2-042
2,49,2-049
2,52,2-052
2,54,2-054
2,65,2-065
2,80,2-080
2,81,2-081
2,87,2-087
2,90,2-090
2,97,2-097
2,117,2-117
2,121,2-121
2,123,2-123
2,124,2-124
2,127,2-127
2,137,2-137
2,154,2-154
2,155,2-155
2,169,2-169
2,179,2-179
2,185,2-185
2,188,2-188
2,190,2-190
2,191,2-191
2,201,2-201
2,207,2-207
2,209,2-209
2,210,2-210
2,211,2-211
2,214,2-214
2,217,2-217
2,223,2-223
2,225,2-225
2,228,2-228
2,233,2-233
2,244,2-244
2,249,2-249
2,251,2-251
2,254,2-254
2,257,2-257
2,260,2-260
2,261,2-261
2,265,2-265
2,273,2-273
2,276,2-276
2,278,2-278
2,279,2-279
2,corrections,2-corrections
2,cover,2-cover
2,index,2-index
20,1,20-001
20,10,20-010
20,15,20-015
20,23,20-023
20,27,20-027
20,31,20-031
20,34,20-034
20,36,20-036
20,37,20-037
20,38,20-038
20,40,20-040
20,54,20-054
20,57,20-057
20,83,20-083
20,90,20-090
20,91,20-091
20,95,20-095
20,97,20-097
20,102,20-102
20,107,20-107
20,112,20-112
20,119,20-119
20,125,20-125
20,133,20-133
20,147,20-147
20,148,20-148
20,158,20-158
20,161,20-161
20,162,20-162
20,164,20-164
20,166,20-166
20,170,20-170
20,171,20-171
20,173,20-173
20,174,20-174
20,175,20-175
20,188,20-188
20,202,20-202
20,205,20-205
20,206,20-206
20,covers-n1,20-covers-n1
20,covers-n2,20-covers-n2
20,covers-n3,20-covers-n3
20,covers-n4,20-covers-n4
20,covers-n5,20-covers-n5
20,covers-n6,20-covers-n6
20,index,20-index
21,1,21-001
21,20,21-020
21,24,21-024
21,26,21-026
21,27,21-027
21,30,21-030
21,32,21-032
21,33,21-033
21,45,21-045
21,50,21-050
21,52,21-052
21,53,21-053
21,65,21-065
21,73,21-073
21,75,21-075
21,76,21-076
21,79,21-079
21,82,21-082
21,83,21-083
21,84,21-084
21,85,21-085
21,90,21-090
21,93,21-093
21,94,21-094
21,95,21-095
21,99,21-099
21,109,21-109
21,114,21-114
21,115,21-115
21,117,21-117
21,118,21-118
21,123,21-123
21,126,21-126
21,129,21-129
21,131,21-131
21,133,21-133
21,136,21-136
21,138,21-138
21,139,21-139
21,149,21-149
21,157,21-157
21,158,21-158
21,159,21-159
21,160,21-160
21,163,21-163
21,166,21-166
21,169,21-169
21,171,21-171
21,184,21-184
21,190,21-190
21,192,21-192
21,covers-n1,21-covers-n1
21,covers-n2,21-covers-n2
21,covers-n3,21-covers-n3
21,covers-n4,21-covers-n4
21,covers-n5,21-covers-n5
21,covers-n6,21-covers-n6
22,1,22-001
22,13,22-013
22,16,22-016
22,17,22-017
22,21,22-021
22,22,22-022
22,24,22-024
22,26,22-026
22,27,22-027
22,32,22-032
22,33,22-033
22,36,22-036
22,44,22-044
22,49,22-049
22,50,22-050
22,51,22-051
22,52,22-052
22,54,22-054
22,60,22-060
22,62,22-062
22,63,22-063
22,64,22-064
22,65,22-065
22,67,22-067
22,84,22-084
22,88,22-088
22,94,22-094
22,98,22-098
22,102,22-102
22,104,22-104
22,105,22-105
22,107,22-107
22,109,22-109
22,117,22-117
22,120,22-120
22,124,22-124
22,132,22-132
22,137,22-137
22,140,22-140
22,142,22-142
22,144,22-144
22,146,22-146
22,147,22-147
22,152,22-152
22,157,22-157
22,161,22-161
22,166,22-166
22,170,22-170
22,178,22-178
22,181,22-181
22,183,22-183
22,198,22-198
22,203,22-203
22,207,22-207
22,211,22-211
22,212,22-212
22,213,22-213
22,215,22-215
22,covers-n1,22-covers-n1
22,covers-n2,22-covers-n2
22,covers-n3,22-covers-n3
22,covers-n4,22-covers-n4
22,covers-n5,22-covers-n5
22,covers-n6,22-covers-n6
22,index,22-index
22,stray-plates-n1,22-stray-plates-n1
23,1,23-001
23,3,23-003
23,6,23-006
23,12,23-012
23,16,23-016
23,21,23-021
23,22,23-022
23,24,23-024
23,25,23-025
23,26,23-026
23,27,23-027
23,33,23-033
23,36,23-036
23,39,23-039
23,40,23-040
23,41,23-041
23,50,23-050
23,54,23-054
23,62,23-062
23,63,23-063
23,69,23-069
23,75,23-075
23,81,23-081
23,83,23-083
23,88,23-088
23,94,23-094
23,96,23-096
23,97,23-097
23,121,23-121
23,126,23-126
23,128,23-128
23,130,23-130
23,131,23-131
23,139,23-139
23,141,23-141
23,142,23-142
23,143,23-143
23,146,23-146
23,148,23-148
23,154,23-154
23,157,23-157
23,159,23-159
23,163,23-163
23,168,23-168
23,173,23-173
23,175,23-175
23,176,23-176
23,178,23-178
23,180,23-180
23,183,23-183
23,193,23-193
23,195,23-195
23,covers-n1,23-covers-n1
23,covers-n2,23-covers-n2
23,covers-n3,23-covers-n3
23,covers-n4,23-covers-n4
23,covers-n5,23-covers-n5
23,covers-n6,23-covers-n6
23,index,23-index
23,stray-plates-n6,23-stray-plates-n6
24,1,24-001
24,7,24-007
24,13,24-013
24,26,24-026
24,29,24-029
24,30,24-030
24,31,24-031
24,33,24-033
24,40,24-040
24,45,24-045
24,53,24-053
24,54,24-054
24,59,24-059
24,61,24-061
24,63,24-063
24,69,24-069
24,73,24-073
24,84,24-084
24,87,24-087
24,88,24-088
24,91,24-091
24,99,24-099
24,100,24-100
24,101,24-101
24,102,24-102
24,103,24-103
24,105,24-105
24,117,24-117
24,120,24-120
24,128,24-128
24,137,24-137
24,142,24-142
24,153,24-153
24,155,24-155
24,161,24-161
24,164,24-164
24,165,24-165
24,167,24-167
24,177,24-177
24,180,24-180
24,182,24-182
24,187,24-187
24,190,24-190
24,191,24-191
24,195,24-195
24,197,24-197
24,covers-n1,24-covers-n1
24,covers-n2,24-covers-n2
24,covers-n3,24-covers-n3
24,covers-n4,24-covers-n4
24,covers-n5,24-covers-n5
24,covers-n6,24-covers-n6
24,index,24-index
25,1,25-001
25,4,25-004
25,12,25-012
25,15,25-015
25,17,25-017
25,18,25-018
25,19,25-019
25,23,25-023
25,30,25-030
25,36,25-036
25,37,25-037
25,39,25-039
25,46,25-046
25,47,25-047
25,59,25-059
25,64,25-064
25,66,25-066
25,69,25-069
25,71,25-071
25,88,25-088
25,93,25-093
25,96,25-096
25,97,25-097
25,99,25-099
25,101,25-101
25,102,25-102
25,104,25-104
25,106,25-106
25,110,25-110
25,116,25-116
25,117,25-117
25,122,25-122
25,127,25-127
25,128,25-128
25,130,25-130
25,136,25-136
25,covers-n1,25-covers-n1
25,covers-n2,25-covers-n2
25,covers-n3,25-covers-n3
25,covers-n4,25-covers-n4
25,covers-n5,25-covers-n5
25,covers-n6,25-covers-n6
25,index,25-index
26,1,26-001
26,9,26-009
26,11,26-011
26,13,26-013
26,16,26-016
26,19,26-019
26,21,26-021
26,39,26-039
26,44,26-044
26,49,26-049
26,50,26-050
26,51,26-051
26,53,26-053
26,58,26-058
26,65,26-065
26,68,26-068
26,71,26-071
26,73,26-073
26,80,26-080
26,83,26-083
26,85,26-085
26,97,26-097
26,107,26-107
26,113,26-113
26,114,26-114
26,115,26-115
26,124,26-124
26,130,26-130
26,133,26-133
26,142,26-142
26,144,26-144
26,145,26-145
26,153,26-153
26,155,26-155
26,160,26-160
26,162,26-162
26,163,26-163
26,165,26-165
26,166,26-166
26,170,26-170
26,covers-n1,26-covers-n1
26,covers-n2,26-covers-n2
26,covers-n3,26-covers-n3
26,covers-n4,26-covers-n4
26,covers-n5,26-covers-n5
26,covers-n6,26-covers-n6
26,index,26-index
27,1,27-001
27,6,27-006
27,13,27-013
27,15,27-015
27,19,27-019
27,21,27-021
27,23,27-023
27,34,27-034
27,46,27-046
27,55,27-055
27,59,27-059
27,62,27-062
27,63,27-063
27,66,27-066
27,67,27-067
27,69,27-069
27,72,27-072
27,74,27-074
27,78,27-078
27,81,27-081
27,85,27-085
27,87,27-087
27,89,27-089
27,91,27-091
27,101,27-101
27,112,27-112
27,116,27-116
27,127,27-127
27,129,27-129
27,130,27-130
27,133,27-133
27,135,27-135
27,137,27-137
27,139,27-139
27,146,27-146
27,151,27-151
27,153,27-153
27,154,27-154
27,covers-n1,27-covers-n1
27,covers-n2+3,27-covers-n2+3
27,covers-n4,27-covers-n4
27,covers-n5,27-covers-n5
27,covers-n6,27-covers-n6
27,index,27-index
28,1,28-001
28,7,28-007
28,8,28-008
28,15,28-015
28,16,28-016
28,20,28-020
28,24,28-024
28,27,28-027
28,29,28-029
28,31,28-031
28,35,28-035
28,45,28-045
28,47,28-047
28,50,28-050
28,54,28-054
28,56,28-056
28,59,28-059
28,61,28-061
28,63,28-063
28,70,28-070
28,84,28-084
28,92,28-092
28,95,28-095
28,110,28-110
28,116,28-116
28,120,28-120
28,130,28-130
28,131,28-131
28,135,28-135
28,145,28-145
28,150,28-150
28,151,28-151
28,152,28-152
28,156,28-156
28,160,28-160
28,165,28-165
28,168,28-168
28,covers-n1,28-covers-n1
28,covers-n2,28-covers-n2
28,covers-n3,28-covers-n3
28,covers-n4,28-covers-n4
28,covers-n5+6,28-covers-n5+6
28,index,28-index
29,1,29-001
29,4,29-004
29,6,29-006
29,9,29-009
29,10,29-010
29,23,29-023
29,42,29-042
29,43,29-043
29,48,29-048
29,66,29-066
29,79,29-079
29,85,29-085
29,89,29-089
29,92,29-092
29,95,29-095
29,101,29-101
29,109,29-109
29,123,29-123
29,127,29-127
29,132,29-132
29,153,29-153
29,159,29-159
29,174,29-174
29,178,29-178
29,180,29-180
29,189,29-189
29,203,29-203
29,212,29-212
29,213,29-213
29,216,29-216
29,225,29-225
29,226,29-226
29,229,29-229
29,anisoptera,29-anisoptera
29,covers-n1,29-covers-n1
29,covers-n2,29-covers-n2
29,covers-n3,29-covers-n3
29,covers-n4,29-covers-n4
29,covers-n5+6,29-covers-n5+6
29,index,29-index
3,2,3-002
3,3,3-003
3,7,3-007
3,8,3-008
3,11,3-011
3,12,3-012
3,13,3-013
3,14,3-014
3,15,3-015
3,20,3-020
3,21,3-021
3,23,3-023
3,24,3-024
3,25,3-025
3,26,3-026
3,27,3-027
3,44,3-044
3,45,3-045
3,47,3-047
3,48,3-048
3,49,3-049
3,50,3-050
3,51,3-051
3,53,3-053
3,54,3-054
3,55,3-055
3,59,3-059
3,60,3-060
3,61,3-061
3,62,3-062
3,63,3-063
3,68,3-068
3,69,3-069
3,70,3-070
3,71,3-071
3,72,3-072
3,73,3-073
3,74,3-074
3,75,3-075
3,76,3-076
3,77,3-077
3,78,3-078
3,83,3-083
3,84,3-084
3,85,3-085
3,86,3-086
3,87,3-087
3,88,3-088
3,89,3-089
3,90,3-090
3,95,3-095
3,96,3-096
3,97,3-097
3,98,3-098
3,99,3-099
3,104,3-104
3,105,3-105
3,107,3-107
3,108,3-108
3,109,3-109
3,110,3-110
3,111,3-111
3,112,3-112
3,113,3-113
3,114,3-114
3,115,3-115
3,119,3-119
3,120,3-120
3,121,3-121
3,122,3-122
3,123,3-123
3,127,3-127
3,128,3-128
3,129,3-129
3,131,3-131
3,132,3-132
3,133,3-133
3,134,3-134
3,135,3-135
3,138,3-138
3,139,3-139
3,143,3-143
3,144,3-144
3,145,3-145
3,146,3-146
3,147,3-147
3,150,3-150
3,151,3-151
3,155,3-155
3,156,3-156
3,157,3-157
3,158,3-158
3,159,3-159
3,162,3-162
3,163,3-163
3,167,3-167
3,168,3-168
3,169,3-169
3,170,3-170
3,171,3-171
3,174,3-174
3,175,3-175
3,176,3-176
3,179,3-179
3,180,3-180
3,181,3-181
3,182,3-182
3,183,3-183
3,186,3-186
3,187,3-187
3,191,3-191
3,192,3-192
3,193,3-193
3,194,3-194
3,195,3-195
3,197,3-197
3,198,3-198
3,199,3-199
3,200,3-200
3,203,3-203
3,204,3-204
3,205,3-205
3,206,3-206
3,207,3-207
3,211,3-211
3,212,3-212
3,215,3-215
3,216,3-216
3,217,3-217
3,218,3-218
3,219,3-219
3,224,3-224
3,225,3-225
3,227,3-227
3,228,3-228
3,229,3-229
3,230,3-230
3,231,3-231
3,241,3-241
3,243,3-243
3,245,3-245
3,246,3-246
3,248,3-248
3,259,3-259
3,260,3-260
3,261,3-261
3,262,3-262
3,263,3-263
3,276,3-276
3,277,3-277
3,280,3-280
3,290,3-290
3,292,3-292
3,293,3-293
3,294,3-294
3,295,3-295
3,298,3-298
3,299,3-299
3,300,3-300
3,301,3-301
3,303,3-303
3,304,3-304
3,305,3-305
3,306,3-306
3,307,3-307
3,309,3-309
3,310,3-310
3,312,3-312
3,313,3-313
3,315,3-315
3,316,3-316
3,317,3-317
3,318,3-318
3,319,3-319
3,322,3-322
3,324,3-324
3,327,3-327
3,328,3-328
3,329,3-329
3,330,3-330
3,335,3-335
3,336,3-336
3,337,3-337
3,338,3-338
3,339,3-339
3,340,3-340
3,341,3-341
3,342,3-342
3,343,3-343
3,344,3-344
3,347,3-347
3,348,3-348
3,349,3-349
3,350,3-350
3,351,3-351
3,352,3-352
3,354,3-354
3,355,3-355
3,359,3-359
3,361,3-361
3,362,3-362
3,363,3-363
3,364,3-364
3,367,3-367
3,368,3-368
3,369,3-369
3,370,3-370
3,371,3-371
3,373,3-373
3,374,3-374
3,375,3-375
3,378,3-378
3,379,3-379
3,380,3-380
3,381,3-381
3,382,3-382
3,383,3-383
3,385,3-385
3,386,3-386
3,387,3-387
3,402,3-402
3,405,3-405
3,407,3-407
3,409,3-409
3,410,3-410
3,411,3-411
3,413,3-413
3,414,3-414
3,418,3-418
3,431,3-431
3,453,3-453
3,corrections,3-corrections
3,cover,3-cover
3,index,3-index
30,1,30-001
30,6,30-006
30,9,30-009
30,12,30-012
30,18,30-018
30,22,30-022
30,28,30-028
30,30,30-030
30,31,30-031
30,35,30-035
30,36,30-036
30,41,30-041
30,46,30-046
30,49,30-049
30,51,30-051
30,52,30-052
30,59,30-059
30,63,30-063
30,74,30-074
30,77,30-077
30,82,30-082
30,89,30-089
30,93,30-093
30,95,30-095
30,102,30-102
30,120,30-120
30,123,30-123
30,133,30-133
30,135,30-135
30,146,30-146
30,155,30-155
30,158,30-158
30,170,30-170
30,173,30-173
30,175,30-175
30,193,30-193
30,203,30-203
30,207,30-207
30,220,30-220
30,222,30-222
30,226,30-226
30,227,30-227
30,covers-n1,30-covers-n1
30,covers-n2,30-covers-n2
30,covers-n3+4,30-covers-n3+4
30,covers-n5,30-covers-n5
30,covers-n6,30-covers-n6
30,index,30-index
31,1,31-001
31,7,31-007
31,17,31-017
31,19,31-019
31,24,31-024
31,41,31-041
31,45,31-045
31,47,31-047
31,49,31-049
31,57,31-057
31,78,31-078
31,87,31-087
31,92,31-092
31,93,31-093
31,112,31-112
31,121,31-121
31,136,31-136
31,138,31-138
31,140,31-140
31,146,31-146
31,148,31-148
31,155,31-155
31,162,31-162
31,167,31-167
31,170,31-170
31,176,31-176
31,184,31-184
31,193,31-193
31,206,31-206
31,224,31-224
31,226,31-226
31,229,31-229
31,233,31-233
31,236,31-236
31,238,31-238
31,243,31-243
31,245,31-245
31,247,31-247
31,254,31-254
31,259,31-259
31,279,31-279
31,293,31-293
31,302,31-302
31,305,31-305
31,308,31-308
31,311,31-311
31,312,31-312
31,covers-n1,31-covers-n1
31,covers-n2,31-covers-n2
31,covers-n3+4,31-covers-n3+4
31,covers-n5,31-covers-n5
31,covers-n6,31-covers-n6
31,index,31-index
32,1,32-001
32,4,32-004
32,23,32-023
32,30,32-030
32,47,32-047
32,48,32-048
32,70,32-070
32,75,32-075
32,88,32-088
32,92,32-092
32,95,32-095
32,106,32-106
32,113,32-113
32,114,32-114
32,117,32-117
32,118,32-118
32,119,32-119
32,159,32-159
32,166,32-166
32,178,32-178
32,190,32-190
32,266,32-266
32,278,32-278
32,283,32-283
32,285,32-285
32,291,32-291
32,293,32-293
32,298,32-298
32,299,32-299
32,303,32-303
32,313,32-313
32,315,32-315
32,318,32-318
32,319,32-319
32,covers-n1,32-covers-n1
32,covers-n2,32-covers-n2
32,covers-n3,32-covers-n3
32,covers-n6,32-covers-n6
32,index,32-index
33,1,33-001
33,6,33-006
33,8,33-008
33,11,33-011
33,16,33-016
33,18,33-018
33,20,33-020
33,22,33-022
33,27,33-027
33,29,33-029
33,32,33-032
33,36,33-036
33,39,33-039
33,42,33-042
33,45,33-045
33,53,33-053
33,54,33-054
33,60,33-060
33,61,33-061
33,77,33-077
33,86,33-086
33,88,33-088
33,91,33-091
33,92,33-092
33,97,33-097
33,108,33-108
33,110,33-110
33,116,33-116
33,121,33-121
33,124,33-124
33,126,33-126
33,127,33-127
33,151,33-151
33,156,33-156
33,162,33-162
33,168,33-168
33,170,33-170
33,171,33-171
33,172,33-172
33,covers-n1,33-covers-n1
33,covers-n2,33-covers-n2
33,covers-n3,33-covers-n3
33,covers-n4+5,33-covers-n4+5
33,covers-n6,33-covers-n6
33,index,33-index
34,1,34-001
34,10,34-010
34,11,34-011
34,30,34-030
34,33,34-033
34,36,34-036
34,40,34-040
34,42,34-042
34,47,34-047
34,58,34-058
34,59,34-059
34,73,34-073
34,91,34-091
34,98,34-098
34,100,34-100
34,104,34-104
34,122,34-122
34,129,34-129
34,134,34-134
34,135,34-135
34,146,34-146
34,157,34-157
34,164,34-164
34,167,34-167
34,171,34-171
34,174,34-174
34,176,34-176
34,178,34-178
34,182,34-182
34,193,34-193
34,199,34-199
34,203,34-203
34,209,34-209
34,216,34-216
34,218,34-218
34,227,34-227
34,230,34-230
34,247,34-247
34,covers-n1,34-covers-n1
34,covers-n2,34-covers-n2
34,covers-n3-4,34-covers-n3-4
34,covers-n5,34-covers-n5
34,covers-n6,34-covers-n6
34,index,34-index
35,1,35-001
35,7,35-007
35,10,35-010
35,12,35-012
35,16,35-016
35,29,35-029
35,31,35-031
35,32,35-032
35,36,35-036
35,44,35-044
35,51,35-051
35,57,35-057
35,61,35-061
35,62,35-062
35,64,35-064
35,67,35-067
35,85,35-085
35,92,35-092
35,98,35-098
35,100,35-100
35,108,35-108
35,114,35-114
35,119,35-119
35,125,35-125
35,126,35-126
35,131,35-131
35,134,35-134
35,139,35-139
35,147,35-147
35,151,35-151
35,153,35-153
35,157,35-157
35,160,35-160
35,162,35-162
35,167,35-167
35,168,35-168
35,170,35-170
35,173,35-173
35,182,35-182
35,186,35-186
35,190,35-190
35,191,35-191
35,199,35-199
35,201,35-201
35,205,35-205
35,210,35-210
35,213,35-213
35,216,35-216
35,217,35-217
35,226,35-226
35,229,35-229
35,232,35-232
35,235,35-235
35,237,35-237
35,covers-n1,35-covers-n1
35,covers-n2,35-covers-n2
35,covers-n3,35-covers-n3
35,covers-n4,35-covers-n4
35,index,35-index
36,1,36-001
36,13,36-013
36,21,36-021
36,28,36-028
36,34,36-034
36,37,36-037
36,41,36-041
36,45,36-045
36,48,36-048
36,51,36-051
36,59,36-059
36,61,36-061
36,89,36-089
36,91,36-091
36,92,36-092
36,93,36-093
36,95,36-095
36,101,36-101
36,102,36-102
36,106,36-106
36,107,36-107
36,111,36-111
36,112,36-112
36,119,36-119
36,121,36-121
36,123,36-123
36,125,36-125
36,129,36-129
36,147,36-147
36,148,36-148
36,150,36-150
36,155,36-155
36,182,36-182
36,190,36-190
36,195,36-195
36,215,36-215
36,216,36-216
36,219,36-219
36,220,36-220
36,228,36-228
36,232,36-232
36,237,36-237
36,239,36-239
36,243,36-243
36,249,36-249
36,282,36-282
36,283,36-283
36,293,36-293
36,296,36-296
36,313,36-313
36,321,36-321
36,326,36-326
36,328,36-328
36,332,36-332
36,358,36-358
36,364,36-364
36,370,36-370
36,376,36-376
36,383,36-383
36,386,36-386
36,387,36-387
36,covers-n1,36-covers-n1
36,covers-n2,36-covers-n2
36,covers-n3,36-covers-n3
36,covers-n4,36-covers-n4
36,index,36-index
37,1,37-001
37,15,37-015
37,35,37-035
37,41,37-041
37,48,37-048
37,55,37-055
37,61,37-061
37,71,37-071
37,80,37-080
37,83,37-083
37,104,37-104
37,107,37-107
37,118,37-118
37,132,37-132
37,141,37-141
37,155,37-155
37,157,37-157
37,163,37-163
37,167,37-167
37,173,37-173
37,175,37-175
37,176,37-176
37,177,37-177
37,178,37-178
37,181,37-181
37,183,37-183
37,192,37-192
37,193,37-193
37,202,37-202
37,207,37-207
37,219,37-219
37,223,37-223
37,234,37-234
37,245,37-245
37,281,37-281
37,283,37-283
37,285,37-285
37,286,37-286
37,299,37-299
37,300,37-300
37,303,37-303
37,327,37-327
37,343,37-343
37,375,37-375
37,392,37-392
37,395,37-395
37,covers-n1,37-covers-n1
37,covers-n2,37-covers-n2
37,covers-n3,37-covers-n3
37,covers-n4,37-covers-n4
37,index,37-index
38,1,38-001
38,22,38-022
38,24,38-024
38,25,38-025
38,27,38-027
38,35,38-035
38,36,38-036
38,38,38-038
38,41,38-041
38,56,38-056
38,71,38-071
38,73,38-073
38,80,38-080
38,86,38-086
38,99,38-099
38,102,38-102
38,127,38-127
38,129,38-129
38,145,38-145
38,165,38-165
38,170,38-170
38,174,38-174
38,175,38-175
38,184,38-184
38,186,38-186
38,194,38-194
38,covers-n1,38-covers-n1
38,covers-n2-3,38-covers-n2-3
38,covers-n4,38-covers-n4
38,index,38-index
39,1,39-001
39,8,39-008
39,19,39-019
39,21,39-021
39,26,39-026
39,30,39-030
39,34,39-034
39,35,39-035
39,36,39-036
39,37,39-037
39,41,39-041
39,45,39-045
39,48,39-048
39,52,39-052
39,53,39-053
39,58,39-058
39,59,39-059
39,64,39-064
39,68,39-068
39,69,39-069
39,72,39-072
39,73,39-073
39,79,39-079
39,82,39-082
39,85,39-085
39,87,39-087
39,100,39-100
39,102,39-102
39,103,39-103
39,107,39-107
39,113,39-113
39,127,39-127
39,134,39-134
39,139,39-139
39,144,39-144
39,145,39-145
39,150,39-150
39,covers-n1-2,39-covers-n1-2
39,covers-n3,39-covers-n3
39,covers-n4,39-covers-n4
39,index,39-index
4,1,4-001
4,2,4-002
4,3,4-003
4,12,4-012
4,13,4-013
4,15,4-015
4,19,4-019
4,21,4-021
4,22,4-022
4,23,4-023
4,27,4-027
4,31,4-031
4,32,4-032
4,33,4-033
4,39,4-039
4,41,4-041
4,42,4-042
4,43,4-043
4,48,4-048
4,52,4-052
4,53,4-053
4,54,4-054
4,55,4-055
4,59,4-059
4,61,4-061
4,62,4-062
4,63,4-063
4,71,4-071
4,75,4-075
4,76,4-076
4,77,4-077
4,79,4-079
4,81,4-081
4,82,4-082
4,83,4-083
4,87,4-087
4,89,4-089
4,92,4-092
4,93,4-093
4,94,4-094
4,95,4-095
4,99,4-099
4,101,4-101
4,102,4-102
4,103,4-103
4,107,4-107
4,110,4-110
4,112,4-112
4,114,4-114
4,115,4-115
4,116,4-116
4,117,4-117
4,119,4-119
4,121,4-121
4,122,4-122
4,123,4-123
4,130,4-130
4,132,4-132
4,133,4-133
4,135,4-135
4,139,4-139
4,141,4-141
4,142,4-142
4,143,4-143
4,145,4-145
4,146,4-146
4,147,4-147
4,148,4-148
4,149,4-149
4,151,4-151
4,153,4-153
4,154,4-154
4,155,4-155
4,159,4-159
4,160,4-160
4,161,4-161
4,163,4-163
4,165,4-165
4,166,4-166
4,167,4-167
4,168,4-168
4,169,4-169
4,170,4-170
4,171,4-171
4,175,4-175
4,177,4-177
4,178,4-178
4,179,4-179
4,184,4-184
4,185,4-185
4,186,4-186
4,187,4-187
4,191,4-191
4,193,4-193
4,194,4-194
4,195,4-195
4,200,4-200
4,203,4-203
4,204,4-204
4,205,4-205
4,206,4-206
4,207,4-207
4,211,4-211
4,213,4-213
4,214,4-214
4,215,4-215
4,217,4-217
4,218,4-218
4,219,4-219
4,223,4-223
4,224,4-224
4,226,4-226
4,227,4-227
4,233,4-233
4,237,4-237
4,238,4-238
4,239,4-239
4,243,4-243
4,245,4-245
4,251,4-251
4,253,4-253
4,254,4-254
4,255,4-255
4,265,4-265
4,269,4-269
4,270,4-270
4,271,4-271
4,286,4-286
4,287,4-287
4,288,4-288
4,289,4-289
4,297,4-297
4,301,4-301
4,302,4-302
4,303,4-303
4,305,4-305
4,310,4-310
4,311,4-311
4,315,4-315
4,327,4-327
4,329,4-329
4,330,4-330
4,331,4-331
4,334,4-334
4,335,4-335
4,339,4-339
4,351,4-351
4,cover,4-cover
4,index,4-index
40,1,40-001
40,20,40-020
40,32,40-032
40,48,40-048
40,57,40-057
40,60,40-060
40,62,40-062
40,65,40-065
40,68,40-068
40,83,40-083
40,87,40-087
40,89,40-089
40,94,40-094
40,98,40-098
40,101,40-101
40,106,40-106
40,113,40-113
40,115,40-115
40,121,40-121
40,125,40-125
40,130,40-130
40,131,40-131
40,137,40-137
40,144,40-144
40,145,40-145
40,covers-n1,40-covers-n1
40,covers-n2,40-covers-n2
40,covers-n3,40-covers-n3
40,covers-n4,40-covers-n4
40,index,40-index
41,1,41-001
41,6,41-006
41,13,41-013
41,19,41-019
41,30,41-030
41,36,41-036
41,38,41-038
41,42,41-042
41,49,41-049
41,51,41-051
41,57,41-057
41,60,41-060
41,63,41-063
41,66,41-066
41,130,41-130
41,133,41-133
41,150,41-150
41,158,41-158
41,164,41-164
41,166,41-166
41,184,41-184
41,185,41-185
41,201,41-201
41,211,41-211
41,214,41-214
41,221,41-221
41,228,41-228
41,230,41-230
41,233,41-233
41,236,41-236
41,238,41-238
41,241,41-241
41,243,41-243
41,245,41-245
41,covers-n1,41-covers-n1
41,covers-n2,41-covers-n2
41,covers-n3,41-covers-n3
41,covers-n4,41-covers-n4
41,index,41-index
42,1,42-001
42,25,42-025
42,35,42-035
42,38,42-038
42,53,42-053
42,58,42-058
42,63,42-063
42,68,42-068
42,73,42-073
42,84,42-084
42,91,42-091
42,92,42-092
42,99,42-099
42,105,42-105
42,123,42-123
42,142,42-142
42,149,42-149
42,151,42-151
42,161,42-161
42,163,42-163
42,167,42-167
42,216,42-216
42,covers-n1,42-covers-n1
42,covers-n2,42-covers-n2
42,covers-n3,42-covers-n3
42,covers-n4,42-covers-n4
42,index,42-index
43,1,43-001
43,10,43-010
43,14,43-014
43,15,43-015
43,19,43-019
43,20,43-020
43,21,43-021
43,27,43-027
43,29,43-029
43,37,43-037
43,40,43-040
43,49,43-049
43,56,43-056
43,65,43-065
43,84,43-084
43,87,43-087
43,102,43-102
43,104,43-104
43,114,43-114
43,119,43-119
43,126,43-126
43,covers-n1,43-covers-n1
43,covers-n2-3,43-covers-n2-3
43,covers-n4,43-covers-n4
43,index,43-index
44,1,44-001
44,12,44-012
44,33,44-033
44,56,44-056
44,58,44-058
44,59,44-059
44,60,44-060
44,61,44-061
44,97,44-097
44,110,44-110
44,116,44-116
44,122,44-122
44,125,44-125
44,132,44-132
44,138,44-138
44,141,44-141
44,covers-n1-2,44-covers-n1-2
44,covers-n3,44-covers-n3
44,covers-n4,44-covers-n4
44,index,44-index
45,1,45-001
45,62,45-062
45,72,45-072
45,80,45-080
45,84,45-084
45,85,45-085
45,94,45-094
45,96,45-096
45,101,45-101
45,105,45-105
45,121,45-121
45,133,45-133
45,136,45-136
45,139,45-139
45,146,45-146
45,156,45-156
45,165,45-165
45,covers-n1,45-covers-n1
45,covers-n2-3,45-covers-n2-3
45,covers-n4,45-covers-n4
45,index,45-index
46,1,46-001
46,9,46-009
46,20,46-020
46,23,46-023
46,29,46-029
46,36,46-036
46,38,46-038
46,43,46-043
46,52,46-052
46,62,46-062
46,65,46-065
46,68,46-068
46,70,46-070
46,91,46-091
46,113,46-113
46,137,46-137
46,141,46-141
46,147,46-147
46,156,46-156
46,167,46-167
46,covers-n1,46-covers-n1
46,covers-n2-3,46-covers-n2-3
46,covers-n4,46-covers-n4
46,index,46-index
47,1,47-001
47,8,47-008
47,14,47-014
47,27,47-027
47,38,47-038
47,43,47-043
47,44,47-044
47,covers-n1,47-covers-n1
48,1,48-001
48,10,48-010
48,16,48-016
48,20,48-020
48,22,48-022
48,24,48-024
48,35,48-035
48,41,48-041
48,45,48-045
48,50,48-050
48,57,48-057
48,70,48-070
48,79,48-079
48,95,48-095
48,101,48-101
48,105,48-105
48,111,48-111
48,112,48-112
48,113,48-113
48,123,48-123
48,129,48-129
48,147,48-147
48,149,48-149
48,166,48-166
48,169,48-169
48,171,48-171
48,covers-n1,48-covers-n1
48,covers-n2-3,48-covers-n2-3
48,covers-n4,48-covers-n4
48,index,48-index
49,1,49-001
49,4,49-004
49,8,49-008
49,19,49-019
49,25,49-025
49,41,49-041
49,47,49-047
49,49,49-049
49,52,49-052
49,61,49-061
49,81,49-081
49,84,49-084
49,108,49-108
49,covers-n1-2,49-covers-n1-2
49,covers-n3-4,49-covers-n3-4
49,index,49-index
5,1,5-001
5,2,5-002
5,3,5-003
5,13,5-013
5,14,5-014
5,15,5-015
5,23,5-023
5,25,5-025
5,26,5-026
5,27,5-027
5,28,5-028
5,30,5-030
5,31,5-031
5,35,5-035
5,37,5-037
5,38,5-038
5,39,5-039
5,41,5-041
5,42,5-042
5,43,5-043
5,44,5-044
5,45,5-045
5,47,5-047
5,49,5-049
5,50,5-050
5,51,5-051
5,53,5-053
5,54,5-054
5,55,5-055
5,57,5-057
5,59,5-059
5,61,5-061
5,62,5-062
5,63,5-063
5,67,5-067
5,69,5-069
5,71,5-071
5,73,5-073
5,74,5-074
5,75,5-075
5,77,5-077
5,79,5-079
5,85,5-085
5,86,5-086
5,88,5-088
5,89,5-089
5,90,5-090
5,91,5-091
5,95,5-095
5,97,5-097
5,98,5-098
5,99,5-099
5,102,5-102
5,103,5-103
5,110,5-110
5,111,5-111
5,113,5-113
5,115,5-115
5,119,5-119
5,121,5-121
5,122,5-122
5,123,5-123
5,134,5-134
5,135,5-135
5,137,5-137
5,138,5-138
5,140,5-140
5,144,5-144
5,145,5-145
5,146,5-146
5,147,5-147
5,148,5-148
5,149,5-149
5,150,5-150
5,151,5-151
5,152,5-152
5,153,5-153
5,154,5-154
5,156,5-156
5,157,5-157
5,158,5-158
5,159,5-159
5,165,5-165
5,166,5-166
5,168,5-168
5,169,5-169
5,170,5-170
5,171,5-171
5,181,5-181
5,182,5-182
5,183,5-183
5,188,5-188
5,192,5-192
5,193,5-193
5,200,5-200
5,201,5-201
5,202,5-202
5,203,5-203
5,208,5-208
5,211,5-211
5,214,5-214
5,222,5-222
5,228,5-228
5,229,5-229
5,230,5-230
5,231,5-231
5,235,5-235
5,238,5-238
5,241,5-241
5,250,5-250
5,255,5-255
5,259,5-259
5,269,5-269
5,273,5-273
5,274,5-274
5,279,5-279
5,281,5-281
5,282,5-282
5,285,5-285
5,286,5-286
5,287,5-287
5,295,5-295
5,299,5-299
5,300,5-300
5,301,5-301
5,302,5-302
5,303,5-303
5,308,5-308
5,317,5-317
5,318,5-318
5,319,5-319
5,320,5-320
5,321,5-321
5,325,5-325
5,328,5-328
5,330,5-330
5,332,5-332
5,333,5-333
5,335,5-335
5,336,5-336
5,337,5-337
5,343,5-343
5,347,5-347
5,349,5-349
5,350,5-350
5,351,5-351
5,353,5-353
5,355,5-355
5,363,5-363
5,365,5-365
5,366,5-366
5,367,5-367
5,373,5-373
5,379,5-379
5,381,5-381
5,382,5-382
5,383,5-383
5,387,5-387
5,392,5-392
5,393,5-393
5,396,5-396
5,401,5-401
5,403,5-403
5,404,5-404
5,405,5-405
5,407,5-407
5,408,5-408
5,409,5-409
5,414,5-414
5,420,5-420
5,423,5-423
5,431,5-431
5,442,5-442
5,cover,5-cover
50,1,50-001
50,9,50-009
50,18,50-018
50,23,50-023
50,30,50-030
50,33,50-033
50,34,50-034
50,37,50-037
50,50,50-050
50,53,50-053
50,65,50-065
50,74,50-074
50,82,50-082
50,83,50-083
50,87,50-087
50,100,50-100
50,109,50-109
50,112,50-112
50,114,50-114
50,115,50-115
50,116,50-116
50,covers-n1-2,50-covers-n1-2
50,covers-n3-4,50-covers-n3-4
50,index,50-index
51,1,51-001
51,5,51-005
51,7,51-007
51,8,51-008
51,12,51-012
51,22,51-022
51,46,51-046
51,50,51-050
51,51,51-051
51,59,51-059
51,104,51-104
51,139,51-139
51,147,51-147
51,151,51-151
51,162,51-162
51,166,51-166
51,178,51-178
51,179,51-179
51,183,51-183
51,covers-n1-2,51-covers-n1-2
51,covers-n3-4,51-covers-n3-4
51,index,51-index
52,1,52-001
52,62,52-062
52,70,52-070
52,79,52-079
52,88,52-088
52,105,52-105
52,107,52-107
52,109,52-109
52,119,52-119
52,139,52-139
52,175,52-175
52,177,52-177
52,178,52-178
52,193,52-193
52,covers-n1-2,52-covers-n1-2
52,covers-n3-4,52-covers-n3-4
52,index,52-index
53,1,53-001
53,4,53-004
53,6,53-006
53,13,53-013
53,15,53-015
53,20,53-020
53,21,53-021
53,22,53-022
53,27,53-027
53,30,53-030
53,31,53-031
53,33,53-033
53,42,53-042
53,43,53-043
53,48,53-048
53,50,53-050
53,51,53-051
53,52,53-052
53,89,53-089
53,covers-n1-2,53-covers-n1-2
53,covers-n3-4,53-covers-n3-4
53,index,53-index
54,1,54-001
54,36,54-036
54,57,54-057
54,62,54-062
54,65,54-065
54,86,54-086
54,100,54-100
54,110,54-110
54,142,54-142
54,143,54-143
54,145,54-145
54,170,54-170
54,178,54-178
54,180,54-180
54,181,54-181
54,183,54-183
54,194,54-194
54,208,54-208
54,209,54-209
54,230,54-230
54,241,54-241
54,246,54-246
54,256,54-256
54,262,54-262
54,263,54-263
54,265,54-265
54,266,54-266
54,covers-n1,54-covers-n1
54,covers-n2,54-covers-n2
54,covers-n3,54-covers-n3
54,covers-n4,54-covers-n4
54,index,54-index
55,1,55-001
55,16,55-016
55,28,55-028
55,31,55-031
55,35,55-035
55,36,55-036
55,38,55-038
55,41,55-041
55,51,55-051
55,55,55-055
55,78,55-078
55,82,55-082
55,84,55-084
55,87,55-087
55,101,55-101
55,105,55-105
55,112,55-112
55,113,55-113
55,131,55-131
55,139,55-139
55,141,55-141
55,151,55-151
55,178,55-178
55,181,55-181
55,183,55-183
55,covers-n1,55-covers-n1
55,covers-n2,55-covers-n2
55,covers-n3,55-covers-n3
55,covers-n4,55-covers-n4
55,index,55-index
56,1,56-001
56,18,56-018
56,21,56-021
56,22,56-022
56,26,56-026
56,41,56-041
56,51,56-051
56,66,56-066
56,69,56-069
56,70,56-070
56,74,56-074
56,81,56-081
56,89,56-089
56,93,56-093
56,112,56-112
56,115,56-115
56,116,56-116
56,120,56-120
56,139,56-139
56,174,56-174
56,175,56-175
56,180,56-180
56,184,56-184
56,187,56-187
56,covers-n1,56-covers-n1
56,covers-n2,56-covers-n2
56,covers-n3,56-covers-n3
56,covers-n4,56-covers-n4
56,index,56-index
57,1,57-001
57,10,57-010
57,26,57-026
57,28,57-028
57,29,57-029
57,31,57-031
57,33,57-033
57,44,57-044
57,45,57-045
57,68,57-068
57,72,57-072
57,74,57-074
57,77,57-077
57,88,57-088
57,92,57-092
57,93,57-093
57,94,57-094
57,95,57-095
57,102,57-102
57,113,57-113
57,114,57-114
57,116,57-116
57,117,57-117
57,128,57-128
57,131,57-131
57,137,57-137
57,143,57-143
57,146,57-146
57,covers-n1,57-covers-n1
57,covers-n2,57-covers-n2
57,covers-n3,57-covers-n3
57,covers-n4,57-covers-n4
57,index,57-index
58,1,58-001
58,20,58-020
58,24,58-024
58,32,58-032
58,42,58-042
58,47,58-047
58,65,58-065
58,73,58-073
58,77,58-077
58,85,58-085
58,89,58-089
58,100,58-100
58,102,58-102
58,108,58-108
58,110,58-110
58,111,58-111
58,120,58-120
58,123,58-123
58,124,58-124
58,125,58-125
58,141,58-141
58,148,58-148
58,149,58-149
58,157,58-157
58,158,58-158
58,covers-n1,58-covers-n1
58,covers-n2,58-covers-n2
58,covers-n3,58-covers-n3
58,covers-n4,58-covers-n4
58,index,58-index
59,1,59-001
59,12,59-012
59,13,59-013
59,19,59-019
59,20,59-020
59,25,59-025
59,26,59-026
59,31,59-031
59,37,59-037
59,41,59-041
59,47,59-047
59,61,59-061
59,70,59-070
59,71,59-071
59,82,59-082
59,85,59-085
59,89,59-089
59,96,59-096
59,104,59-104
59,105,59-105
59,126,59-126
59,129,59-129
59,131,59-131
59,143,59-143
59,148,59-148
59,covers-n1,59-covers-n1
59,covers-n2,59-covers-n2
59,covers-n3,59-covers-n3
59,covers-n4,59-covers-n4
59,index,59-index
6,1,6-001
6,2,6-002
6,3,6-003
6,10,6-010
6,11,6-011
6,13,6-013
6,14,6-014
6,15,6-015
6,16,6-016
6,17,6-017
6,18,6-018
6,19,6-019
6,21,6-021
6,27,6-027
6,28,6-028
6,30,6-030
6,31,6-031
6,32,6-032
6,33,6-033
6,35,6-035
6,36,6-036
6,37,6-037
6,50,6-050
6,53,6-053
6,55,6-055
6,56,6-056
6,57,6-057
6,61,6-061
6,62,6-062
6,66,6-066
6,67,6-067
6,68,6-068
6,69,6-069
6,71,6-071
6,72,6-072
6,73,6-073
6,78,6-078
6,80,6-080
6,83,6-083
6,85,6-085
6,86,6-086
6,87,6-087
6,88,6-088
6,89,6-089
6,94,6-094
6,95,6-095
6,97,6-097
6,99,6-099
6,100,6-100
6,101,6-101
6,103,6-103
6,104,6-104
6,105,6-105
6,106,6-106
6,108,6-108
6,110,6-110
6,112,6-112
6,115,6-115
6,116,6-116
6,117,6-117
6,118,6-118
6,119,6-119
6,120,6-120
6,121,6-121
6,124,6-124
6,126,6-126
6,129,6-129
6,131,6-131
6,132,6-132
6,133,6-133
6,134,6-134
6,135,6-135
6,136,6-136
6,137,6-137
6,142,6-142
6,145,6-145
6,147,6-147
6,148,6-148
6,149,6-149
6,150,6-150
6,151,6-151
6,152,6-152
6,153,6-153
6,158,6-158
6,160,6-160
6,162,6-162
6,166,6-166
6,167,6-167
6,168,6-168
6,169,6-169
6,173,6-173
6,176,6-176
6,177,6-177
6,180,6-180
6,181,6-181
6,182,6-182
6,183,6-183
6,184,6-184
6,185,6-185
6,187,6-187
6,188,6-188
6,193,6-193
6,194,6-194
6,197,6-197
6,198,6-198
6,199,6-199
6,200,6-200
6,201,6-201
6,203,6-203
6,205,6-205
6,209,6-209
6,210,6-210
6,211,6-211
6,212,6-212
6,213,6-213
6,216,6-216
6,220,6-220
6,221,6-221
6,222,6-222
6,223,6-223
6,224,6-224
6,225,6-225
6,233,6-233
6,236,6-236
6,237,6-237
6,238,6-238
6,239,6-239
6,240,6-240
6,241,6-241
6,246,6-246
6,247,6-247
6,248,6-248
6,249,6-249
6,250,6-250
6,251,6-251
6,252,6-252
6,253,6-253
6,258,6-258
6,259,6-259
6,260,6-260
6,261,6-261
6,263,6-263
6,264,6-264
6,265,6-265
6,275,6-275
6,276,6-276
6,277,6-277
6,279,6-279
6,280,6-280
6,281,6-281
6,283,6-283
6,285,6-285
6,289,6-289
6,290,6-290
6,292,6-292
6,293,6-293
6,294,6-294
6,295,6-295
6,296,6-296
6,297,6-297
6,298,6-298
6,300,6-300
6,301,6-301
6,305,6-305
6,311,6-311
6,312,6-312
6,313,6-313
6,316,6-316
6,317,6-317
6,321,6-321
6,323,6-323
6,327,6-327
6,328,6-328
6,329,6-329
6,333,6-333
6,337,6-337
6,340,6-340
6,341,6-341
6,343,6-343
6,344,6-344
6,345,6-345
6,347,6-347
6,351,6-351
6,353,6-353
6,355,6-355
6,356,6-356
6,357,6-357
6,359,6-359
6,364,6-364
6,365,6-365
6,366,6-366
6,367,6-367
6,368,6-368
6,369,6-369
6,372,6-372
6,373,6-373
6,377,6-377
6,379,6-379
6,381,6-381
6,383,6-383
6,384,6-384
6,385,6-385
6,391,6-391
6,392,6-392
6,393,6-393
6,401,6-401
6,402,6-402
6,403,6-403
6,404,6-404
6,405,6-405
6,406,6-406
6,407,6-407
6,408,6-408
6,409,6-409
6,410,6-410
6,419,6-419
6,421,6-421
6,422,6-422
6,423,6-423
6,424,6-424
6,425,6-425
6,429,6-429
6,431,6-431
6,435,6-435
6,438,6-438
6,440,6-440
6,441,6-441
6,443,6-443
6,444,6-444
6,445,6-445
6,449,6-449
6,450,6-450
6,451,6-451
6,455,6-455
6,457,6-457
6,460,6-460
6,461,6-461
6,463,6-463
6,464,6-464
6,465,6-465
6,466,6-466
6,477,6-477
6,479,6-479
6,481,6-481
6,483,6-483
6,484,6-484
6,485,6-485
6,487,6-487
6,491,6-491
6,492,6-492
6,494,6-494
6,495,6-495
6,496,6-496
6,497,6-497
6,499,6-499
6,503,6-503
6,504,6-504
6,505,6-505
6,507,6-507
6,508,6-508
6,509,6-509
6,511,6-511
6,512,6-512
6,513,6-513
6,521,6-521
6,523,6-523
6,524,6-524
6,525,6-525
6,527,6-527
6,528,6-528
6,529,6-529
6,530,6-530
6,531,6-531
6,539,6-539
6,541,6-541
6,543,6-543
6,544,6-544
6,545,6-545
6,547,6-547
6,548,6-548
6,549,6-549
6,553,6-553
6,556,6-556
6,557,6-557
6,559,6-559
6,560,6-560
6,561,6-561
6,565,6-565
6,569,6-569
6,571,6-571
6,573,6-573
6,cover,6-cover
6,index,6-index
60,1,60-001
60,6,60-006
60,14,60-014
60,15,60-015
60,21,60-021
60,28,60-028
60,37,60-037
60,41,60-041
60,51,60-051
60,52,60-052
60,62,60-062
60,69,60-069
60,82,60-082
60,85,60-085
60,89,60-089
60,90,60-090
60,102,60-102
60,105,60-105
60,114,60-114
60,115,60-115
60,119,60-119
60,124,60-124
60,126,60-126
60,129,60-129
60,148,60-148
60,151,60-151
60,154,60-154
60,155,60-155
60,160,60-160
60,covers-n1,60-covers-n1
60,covers-n2,60-covers-n2
60,covers-n3,60-covers-n3
60,covers-n4,60-covers-n4
60,index,60-index
61,1,61-001
61,9,61-009
61,16,61-016
61,20,61-020
61,31,61-031
61,41,61-041
61,58,61-058
61,63,61-063
61,67,61-067
61,68,61-068
61,74,61-074
61,81,61-081
61,111,61-111
61,146,61-146
61,154,61-154
61,162,61-162
61,covers-n1,61-covers-n1
61,covers-n2,61-covers-n2
61,covers-n3,61-covers-n3
61,covers-n4,61-covers-n4
61,index,61-index
62,1,62-001
62,10,62-010
62,19,62-019
62,29,62-029
62,34,62-034
62,35,62-035
62,39,62-039
62,41,62-041
62,42,62-042
62,45,62-045
62,52,62-052
62,53,62-053
62,55,62-055
62,69,62-069
62,75,62-075
62,82,62-082
62,87,62-087
62,89,62-089
62,97,62-097
62,98,62-098
62,103,62-103
62,104,62-104
62,108,62-108
62,130,62-130
62,134,62-134
62,135,62-135
62,136,62-136
62,137,62-137
62,145,62-145
62,152,62-152
62,157,62-157
62,covers-n1,62-covers-n1
62,covers-n2,62-covers-n2
62,covers-n3,62-covers-n3
62,covers-n4,62-covers-n4
62,index,62-index
63,1,63-001
63,11,63-011
63,13,63-013
63,14,63-014
63,21,63-021
63,24,63-024
63,27,63-027
63,30,63-030
63,38,63-038
63,41,63-041
63,45,63-045
63,46,63-046
63,49,63-049
63,50,63-050
63,54,63-054
63,67,63-067
63,75,63-075
63,77,63-077
63,82,63-082
63,109,63-109
63,112,63-112
63,113,63-113
63,119,63-119
63,134,63-134
63,140,63-140
63,146,63-146
63,147,63-147
63,covers-n1,63-covers-n1
63,covers-n2,63-covers-n2
63,covers-n3,63-covers-n3
63,covers-n4,63-covers-n4
63,index,63-index
64,1,64-001
64,5,64-005
64,6,64-006
64,9,64-009
64,17,64-017
64,30,64-030
64,37,64-037
64,46,64-046
64,51,64-051
64,60,64-060
64,70,64-070
64,75,64-075
64,77,64-077
64,90,64-090
64,97,64-097
64,102,64-102
64,107,64-107
64,109,64-109
64,115,64-115
64,116,64-116
64,117,64-117
64,123,64-123
64,135,64-135
64,149,64-149
64,covers-n1,64-covers-n1
64,covers-n2,64-covers-n2
64,covers-n3,64-covers-n3
64,covers-n4,64-covers-n4
64,index,64-index
65,1,65-001
65,11,65-011
65,26,65-026
65,39,65-039
65,41,65-041
65,52,65-052
65,59,65-059
65,81,65-081
65,91,65-091
65,99,65-099
65,108,65-108
65,115,65-115
65,covers-n1,65-covers-n1
65,covers-n2+3,65-covers-n2+3
65,covers-n4,65-covers-n4
65,index,65-index
66,1,66-001
66,13,66-013
66,20,66-020
66,25,66-025
66,29,66-029
66,35,66-035
66,36,66-036
66,38,66-038
66,55,66-055
66,60,66-060
66,63,66-063
66,70,66-070
66,covers-n1+2,66-covers-n1+2
66,covers-n3,66-covers-n3
66,covers-n4,66-covers-n4
66,index,66-index
67,1,67-001
67,26,67-026
67,41,67-041
67,43,67-043
67,44,67-044
67,45,67-045
67,62,67-062
67,71,67-071
67,76,67-076
67,81,67-081
67,87,67-087
67,95,67-095
67,98,67-098
67,111,67-111
67,covers-n1+2,67-covers-n1+2
67,covers-n3,67-covers-n3
67,covers-n4,67-covers-n4
67,index,67-index
68,1,68-001
68,25,68-025
68,38,68-038
68,45,68-045
68,53,68-053
68,58,68-058
68,69,68-069
68,70,68-070
68,73,68-073
68,75,68-075
68,113,68-113
68,126,68-126
68,134,68-134
68,145,68-145
68,covers-n1,68-covers-n1
68,covers-n2+3,68-covers-n2+3
68,covers-n4,68-covers-n4
68,index,68-index
69,1,69-001
69,7,69-007
69,11,69-011
69,37,69-037
69,42,69-042
69,47,69-047
69,50,69-050
69,53,69-053
69,62,69-062
69,73,69-073
69,77,69-077
69,81,69-081
69,87,69-087
69,102,69-102
69,107,69-107
69,117,69-117
69,129,69-129
69,165,69-165
69,209,69-209
69,238,69-238
69,268,69-268
69,covers-n1,69-covers-n1
69,covers-n2,69-covers-n2
69,covers-n3,69-covers-n3
69,covers-n4,69-covers-n4
69,index,69-index
7,1,7-001
7,2,7-002
7,3,7-003
7,5,7-005
7,7,7-007
7,11,7-011
7,13,7-013
7,14,7-014
7,15,7-015
7,17,7-017
7,18,7-018
7,19,7-019
7,27,7-027
7,35,7-035
7,36,7-036
7,37,7-037
7,38,7-038
7,39,7-039
7,47,7-047
7,51,7-051
7,53,7-053
7,55,7-055
7,57,7-057
7,58,7-058
7,59,7-059
7,67,7-067
7,71,7-071
7,73,7-073
7,74,7-074
7,75,7-075
7,79,7-079
7,81,7-081
7,83,7-083
7,91,7-091
7,93,7-093
7,94,7-094
7,95,7-095
7,100,7-100
7,102,7-102
7,109,7-109
7,129,7-129
7,134,7-134
7,135,7-135
7,138,7-138
7,139,7-139
7,141,7-141
7,145,7-145
7,146,7-146
7,147,7-147
7,155,7-155
7,157,7-157
7,158,7-158
7,159,7-159
7,162,7-162
7,163,7-163
7,167,7-167
7,168,7-168
7,169,7-169
7,170,7-170
7,175,7-175
7,176,7-176
7,177,7-177
7,178,7-178
7,179,7-179
7,180,7-180
7,181,7-181
7,182,7-182
7,183,7-183
7,187,7-187
7,188,7-188
7,189,7-189
7,191,7-191
7,193,7-193
7,194,7-194
7,195,7-195
7,196,7-196
7,200,7-200
7,202,7-202
7,203,7-203
7,205,7-205
7,206,7-206
7,207,7-207
7,212,7-212
7,213,7-213
7,214,7-214
7,217,7-217
7,218,7-218
7,219,7-219
7,229,7-229
7,231,7-231
7,233,7-233
7,234,7-234
7,235,7-235
7,241,7-241
7,244,7-244
7,245,7-245
7,246,7-246
7,247,7-247
7,250,7-250
7,251,7-251
7,252,7-252
7,254,7-254
7,256,7-256
7,257,7-257
7,258,7-258
7,259,7-259
7,261,7-261
7,262,7-262
7,263,7-263
7,265,7-265
7,266,7-266
7,267,7-267
7,271,7-271
7,272,7-272
7,273,7-273
7,274,7-274
7,275,7-275
7,277,7-277
7,278,7-278
7,279,7-279
7,281,7-281
7,285,7-285
7,286,7-286
7,287,7-287
7,299,7-299
7,301,7-301
7,302,7-302
7,303,7-303
7,306,7-306
7,307,7-307
7,308,7-308
7,309,7-309
7,310,7-310
7,311,7-311
7,315,7-315
7,316,7-316
7,317,7-317
7,318,7-318
7,319,7-319
7,321,7-321
7,322,7-322
7,323,7-323
7,328,7-328
7,329,7-329
7,331,7-331
7,332,7-332
7,333,7-333
7,334,7-334
7,335,7-335
7,336,7-336
7,340,7-340
7,342,7-342
7,344,7-344
7,346,7-346
7,349,7-349
7,350,7-350
7,351,7-351
7,362,7-362
7,363,7-363
7,365,7-365
7,366,7-366
7,367,7-367
7,370,7-370
7,372,7-372
7,373,7-373
7,374,7-374
7,375,7-375
7,379,7-379
7,382,7-382
7,384,7-384
7,385,7-385
7,386,7-386
7,387,7-387
7,388,7-388
7,389,7-389
7,390,7-390
7,391,7-391
7,393,7-393
7,394,7-394
7,395,7-395
7,398,7-398
7,399,7-399
7,402,7-402
7,403,7-403
7,405,7-405
7,406,7-406
7,407,7-407
7,411,7-411
7,414,7-414
7,415,7-415
7,416,7-416
7,417,7-417
7,418,7-418
7,419,7-419
7,422,7-422
7,424,7-424
7,425,7-425
7,426,7-426
7,429,7-429
7,430,7-430
7,431,7-431
7,434,7-434
7,437,7-437
7,439,7-439
7,441,7-441
7,442,7-442
7,443,7-443
7,446,7-446
7,451,7-451
7,452,7-452
7,453,7-453
7,454,7-454
7,455,7-455
7,458,7-458
7,461,7-461
7,cover,7-cover
7,index,7-index
70,3,70-003
70,7,70-007
70,17,70-017
70,22,70-022
70,34,70-034
70,44,70-044
70,50,70-050
70,59,70-059
70,64,70-064
70,69,70-069
70,75,70-075
70,94,70-094
70,117,70-117
70,120,70-120
70,129,70-129
70,133,70-133
70,144,70-144
70,151,70-151
70,164,70-164
70,170,70-170
70,180,70-180
70,184,70-184
70,193,70-193
70,197,70-197
70,208,70-208
70,223,70-223
70,235,70-235
70,240,70-240
70,covers-n1,70-covers-n1
70,covers-n2,70-covers-n2
70,covers-n3,70-covers-n3
70,covers-n4,70-covers-n4
70,index,70-index
71,1,71-001
71,8,71-008
71,12,71-012
71,28,71-028
71,32,71-032
71,41,71-041
71,49,71-049
71,53,71-053
71,57,71-057
71,65,71-065
71,73,71-073
71,93,71-093
71,104,71-104
71,117,71-117
71,125,71-125
71,130,71-130
71,134,71-134
71,142,71-142
71,150,71-150
71,153,71-153
71,169,71-169
71,174,71-174
71,181,71-181
71,183,71-183
71,198,71-198
71,covers-n1,71-covers-n1
71,covers-n2,71-covers-n2
71,covers-n3,71-covers-n3
71,covers-n4,71-covers-n4
71,index,71-index
72,1,72-001
72,2,72-002
72,8,72-008
72,24,72-024
72,35,72-035
72,55,72-055
72,59,72-059
72,65,72-065
72,79,72-079
72,87,72-087
72,113,72-113
72,127,72-127
72,133,72-133
72,148,72-148
72,152,72-152
72,159,72-159
72,167,72-167
72,175,72-175
72,191,72-191
72,255,72-255
72,265,72-265
72,279,72-279
72,282,72-282
72,287,72-287
72,291,72-291
72,295,72-295
72,305,72-305
72,307,72-307
72,covers-n1,72-covers-n1
72,covers-n2,72-covers-n2
72,covers-n4,72-covers-n4
72,index,72-index
73,1,73-001
73,8,73-008
73,17,73-017
73,26,73-026
73,30,73-030
73,46,73-046
73,89,73-089
73,112,73-112
73,116,73-116
73,123,73-123
73,131,73-131
73,150,73-150
73,157,73-157
73,165,73-165
73,180,73-180
73,187,73-187
73,196,73-196
73,208,73-208
73,217,73-217
73,229,73-229
73,238,73-238
73,251,73-251
73,261,73-261
73,277,73-277
73,278,73-278
73,283,73-283
73,284,73-284
73,covers-n1,73-covers-n1
73,covers-n2,73-covers-n2
73,covers-n3,73-covers-n3
73,covers-n4,73-covers-n4
73,index,73-index
74,1,74-001
74,20,74-020
74,24,74-024
74,27,74-027
74,34,74-034
74,42,74-042
74,58,74-058
74,267,74-267
74,270,74-270
74,276,74-276
74,290,74-290
74,299,74-299
74,314,74-314
74,320,74-320
74,331,74-331
74,340,74-340
74,342,74-342
74,covers-n1,74-covers-n1
74,covers-n4,74-covers-n4
74,index,74-index
75,1,75-001
75,23,75-023
75,46,75-046
75,53,75-053
75,77,75-077
75,87,75-087
75,91,75-091
75,99,75-099
75,107,75-107
75,118,75-118
75,124,75-124
75,132,75-132
75,135,75-135
75,157,75-157
75,195,75-195
75,208,75-208
75,211,75-211
75,216,75-216
75,228,75-228
75,233,75-233
75,249,75-249
75,256,75-256
75,274,75-274
75,285,75-285
75,covers-n1,75-covers-n1
75,covers-n2,75-covers-n2
75,covers-n3,75-covers-n3
76,1,76-001
76,18,76-018
76,29,76-029
76,41,76-041
76,54,76-054
76,58,76-058
76,68,76-068
76,74,76-074
76,87,76-087
76,110,76-110
76,114,76-114
76,126,76-126
76,144,76-144
76,163,76-163
76,217,76-217
76,251,76-251
76,262,76-262
76,270,76-270
76,280,76-280
76,306,76-306
76,311,76-311
76,326,76-326
76,362,76-362
76,367,76-367
76,375,76-375
76,382,76-382
76,387,76-387
76,390,76-390
76,407,76-407
76,418,76-418
76,426,76-426
76,439,76-439
76,487,76-487
76,covers-n1,76-covers-n1
76,covers-n2,76-covers-n2
76,covers-n3,76-covers-n3
76,covers-n4,76-covers-n4
76,index,76-index
77,1,77-001
77,45,77-045
77,50,77-050
77,54,77-054
77,70,77-070
77,104,77-104
77,120,77-120
77,127,77-127
77,131,77-131
77,147,77-147
77,181,77-181
77,184,77-184
77,190,77-190
77,202,77-202
77,208,77-208
77,209,77-209
77,217,77-217
77,237,77-237
77,243,77-243
77,252,77-252
77,259,77-259
77,276,77-276
77,280,77-280
77,303,77-303
77,308,77-308
77,343,77-343
77,347,77-347
77,361,77-361
77,385,77-385
77,400,77-400
77,413,77-413
77,430,77-430
77,436,77-436
77,487,77-487
77,covers-n1,77-covers-n1
77,covers-n2,77-covers-n2
77,covers-n3,77-covers-n3
77,covers-n4,77-covers-n4
77,index,77-index
78,107,78-107
78,123,78-123
78,140,78-140
78,150,78-150
78,166,78-166
78,169,78-169
78,180,78-180
78,193,78-193
78,203,78-203
78,215,78-215
78,229,78-229
78,257,78-257
78,267,78-267
78,296,78-296
78,306,78-306
78,319,78-319
78,330,78-330
78,covers-n3,78-covers-n3
78,covers-n4,78-covers-n4
78,index,78-index
79,1,79-001
79,23,79-023
79,27,79-027
79,49,79-049
79,58,79-058
79,61,79-061
79,79,79-079
79,88,79-088
79,104,79-104
79,116,79-116
79,121,79-121
79,123,79-123
79,150,79-150
79,158,79-158
79,165,79-165
79,179,79-179
79,200,79-200
79,209,79-209
79,213,79-213
79,215,79-215
79,231,79-231
79,236,79-236
79,243,79-243
79,269,79-269
79,284,79-284
79,295,79-295
79,311,79-311
79,315,79-315
79,328,79-328
79,335,79-335
79,348,79-348
79,357,79-357
79,365,79-365
79,covers-n1+2,79-covers-n1+2
79,covers-n3,79-covers-n3
79,covers-n4,79-covers-n4
79,index,79-index
8,13,8-013
8,14,8-014
8,15,8-015
8,30,8-030
8,31,8-031
8,33,8-033
8,34,8-034
8,35,8-035
8,38,8-038
8,41,8-041
8,42,8-042
8,43,8-043
8,45,8-045
8,46,8-046
8,47,8-047
8,50,8-050
8,52,8-052
8,53,8-053
8,54,8-054
8,55,8-055
8,57,8-057
8,58,8-058
8,59,8-059
8,63,8-063
8,64,8-064
8,67,8-067
8,70,8-070
8,71,8-071
8,73,8-073
8,74,8-074
8,75,8-075
8,76,8-076
8,77,8-077
8,80,8-080
8,82,8-082
8,83,8-083
8,85,8-085
8,86,8-086
8,87,8-087
8,89,8-089
8,92,8-092
8,94,8-094
8,95,8-095
8,97,8-097
8,98,8-098
8,99,8-099
8,102,8-102
8,103,8-103
8,105,8-105
8,107,8-107
8,109,8-109
8,110,8-110
8,111,8-111
8,114,8-114
8,119,8-119
8,120,8-120
8,121,8-121
8,122,8-122
8,123,8-123
8,124,8-124
8,126,8-126
8,128,8-128
8,129,8-129
8,130,8-130
8,131,8-131
8,133,8-133
8,134,8-134
8,135,8-135
8,138,8-138
8,141,8-141
8,142,8-142
8,145,8-145
8,146,8-146
8,147,8-147
8,150,8-150
8,151,8-151
8,153,8-153
8,154,8-154
8,155,8-155
8,157,8-157
8,158,8-158
8,159,8-159
8,160,8-160
8,168,8-168
8,169,8-169
8,170,8-170
8,171,8-171
8,174,8-174
8,177,8-177
8,179,8-179
8,193,8-193
8,194,8-194
8,195,8-195
8,197,8-197
8,201,8-201
8,202,8-202
8,205,8-205
8,206,8-206
8,207,8-207
8,211,8-211
8,212,8-212
8,214,8-214
8,217,8-217
8,218,8-218
8,219,8-219
8,221,8-221
8,225,8-225
8,226,8-226
8,229,8-229
8,230,8-230
8,231,8-231
8,241,8-241
8,242,8-242
8,243,8-243
8,247,8-247
8,249,8-249
8,251,8-251
8,252,8-252
8,253,8-253
8,254,8-254
8,255,8-255
8,260,8-260
8,262,8-262
8,263,8-263
8,265,8-265
8,266,8-266
8,267,8-267
8,269,8-269
8,273,8-273
8,277,8-277
8,278,8-278
8,279,8-279
8,282,8-282
8,285,8-285
8,286,8-286
8,287,8-287
8,288,8-288
8,289,8-289
8,290,8-290
8,291,8-291
8,292,8-292
8,296,8-296
8,297,8-297
8,298,8-298
8,299,8-299
8,313,8-313
8,314,8-314
8,315,8-315
8,323,8-323
8,324,8-324
8,325,8-325
8,326,8-326
8,327,8-327
8,330,8-330
8,331,8-331
8,332,8-332
8,334,8-334
8,336,8-336
8,337,8-337
8,341,8-341
8,342,8-342
8,343,8-343
8,346,8-346
8,349,8-349
8,350,8-350
8,351,8-351
8,353,8-353
8,354,8-354
8,355,8-355
8,359,8-359
8,360,8-360
8,361,8-361
8,362,8-362
8,363,8-363
8,366,8-366
8,371,8-371
8,372,8-372
8,389,8-389
8,390,8-390
8,391,8-391
8,394,8-394
8,395,8-395
8,397,8-397
8,398,8-398
8,399,8-399
8,401,8-401
8,405,8-405
8,407,8-407
8,409,8-409
8,410,8-410
8,411,8-411
8,415,8-415
8,416,8-416
8,417,8-417
8,418,8-418
8,419,8-419
8,421,8-421
8,422,8-422
8,423,8-423
8,428,8-428
8,429,8-429
8,430,8-430
8,433,8-433
8,434,8-434
8,435,8-435
8,436,8-436
8,438,8-438
8,439,8-439
8,cover,8-cover
8,index,8-index
80,1,80-001
80,23,80-023
80,48,80-048
80,62,80-062
80,70,80-070
80,83,80-083
80,90,80-090
80,101,80-101
80,159,80-159
80,166,80-166
80,179,80-179
80,189,80-189
80,204,80-204
80,212,80-212
80,227,80-227
80,230,80-230
80,245,80-245
80,249,80-249
80,265,80-265
80,270,80-270
80,271,80-271
80,277,80-277
80,289,80-289
80,295,80-295
80,305,80-305
80,349,80-349
80,355,80-355
80,374,80-374
80,covers-n1+2,80-covers-n1+2
80,covers-n3,80-covers-n3
80,covers-n4,80-covers-n4
80,index,80-index
81,1,81-001
81,3,81-003
81,38,81-038
81,42,81-042
81,51,81-051
81,70,81-070
81,84,81-084
81,121,81-121
81,134,81-134
81,147,81-147
81,155,81-155
81,167,81-167
81,178,81-178
81,182,81-182
81,189,81-189
81,209,81-209
81,219,81-219
81,237,81-237
81,243,81-243
81,254,81-254
81,257,81-257
81,258,81-258
81,268,81-268
81,272,81-272
81,284,81-284
81,288,81-288
81,303,81-303
81,307,81-307
81,315,81-315
81,334,81-334
81,353,81-353
81,361,81-361
81,367,81-367
81,377,81-377
81,398,81-398
81,415,81-415
81,416,81-416
81,431,81-431
81,501,81-501
81,507,81-507
81,510,81-510
81,528,81-528
81,534,81-534
81,covers-n1,81-covers-n1
81,covers-n2,81-covers-n2
81,covers-n3+4,81-covers-n3+4
81,index,81-index
82,1,82-001
82,20,82-020
82,24,82-024
82,29,82-029
82,53,82-053
82,59,82-059
82,67,82-067
82,74,82-074
82,78,82-078
82,81,82-081
82,89,82-089
82,97,82-097
82,109,82-109
82,131,82-131
82,167,82-167
82,174,82-174
82,181,82-181
82,189,82-189
82,244,82-244
82,259,82-259
82,265,82-265
82,275,82-275
82,283,82-283
82,292,82-292
82,299,82-299
82,303,82-303
82,304,82-304
82,306,82-306
82,314,82-314
82,315,82-315
82,324,82-324
82,341,82-341
82,359,82-359
82,covers-n1,82-covers-n1
82,covers-n2,82-covers-n2
82,covers-n3+4,82-covers-n3+4
82,index,82-index
83,1,83-001
83,32,83-032
83,42,83-042
83,51,83-051
83,63,83-063
83,79,83-079
83,94,83-094
83,106,83-106
83,112,83-112
83,120,83-120
83,121,83-121
83,132,83-132
83,180,83-180
83,185,83-185
83,192,83-192
83,196,83-196
83,210,83-210
83,213,83-213
83,216,83-216
83,covers-n1,83-covers-n1
83,covers-n2,83-covers-n2
84,1,84-001
84,11,84-011
84,13,84-013
84,28,84-028
84,92,84-092
84,103,84-103
84,107,84-107
84,109,84-109
84,120,84-120
84,142,84-142
84,150,84-150
84,158,84-158
84,165,84-165
84,179,84-179
84,183,84-183
84,191,84-191
84,199,84-199
84,210,84-210
84,218,84-218
84,225,84-225
84,233,84-233
84,243,84-243
84,255,84-255
84,260,84-260
84,262,84-262
84,267,84-267
84,281,84-281
84,286,84-286
84,292,84-292
84,299,84-299
84,308,84-308
84,covers-n1,84-covers-n1
84,covers-n2,84-covers-n2
84,covers-n3-4,84-covers-n3-4
84,index,84-index
85,1,85-001
85,25,85-025
85,65,85-065
85,81,85-081
85,85,85-085
85,135,85-135
85,147,85-147
85,169,85-169
85,183,85-183
85,191,85-191
85,201,85-201
85,209,85-209
85,219,85-219
85,229,85-229
85,239,85-239
85,249,85-249
85,255,85-255
85,265,85-265
85,275,85-275
85,285,85-285
85,331,85-331
85,347,85-347
85,355,85-355
85,383,85-383
85,395,85-395
85,407,85-407
85,417,85-417
85,covers-n1,85-covers-n1
85,covers-n2-3,85-covers-n2-3
85,covers-n4,85-covers-n4
85,index,85-index
86,1,86-001
86,11,86-011
86,19,86-019
86,45,86-045
86,53,86-053
86,63,86-063
86,79,86-079
86,91,86-091
86,103,86-103
86,115,86-115
86,125,86-125
86,137,86-137
86,149,86-149
86,167,86-167
86,213,86-213
86,219,86-219
86,261,86-261
86,291,86-291
86,301,86-301
86,313,86-313
86,321,86-321
86,327,86-327
86,337,86-337
86,347,86-347
86,353,86-353
86,363,86-363
86,375,86-375
86,395,86-395
86,399,86-399
86,407,86-407
86,covers-n1,86-covers-n1
86,covers-n2+3,86-covers-n2+3
86,covers-n4,86-covers-n4
86,index,86-index
87,1,87-001
87,13,87-013
87,21,87-021
87,39,87-039
87,49,87-049
87,59,87-059
87,75,87-075
87,93,87-093
87,107,87-107
87,121,87-121
87,131,87-131
87,141,87-141
87,143,87-143
87,171,87-171
87,177,87-177
87,181,87-181
87,193,87-193
87,199,87-199
87,211,87-211
87,221,87-221
87,231,87-231
87,235,87-235
87,245,87-245
87,249,87-249
87,259,87-259
87,299,87-299
87,305,87-305
87,315,87-315
87,325,87-325
87,337,87-337
87,349,87-349
87,covers-n1+2,87-covers-n1+2
87,covers-n3+4,87-covers-n3+4
87,index,87-index
88,1,88-001
88,25,88-025
88,75,88-075
88,89,88-089
88,109,88-109
88,127,88-127
88,135,88-135
88,151,88-151
88,163,88-163
88,169,88-169
88,175,88-175
88,197,88-197
88,199,88-199
88,215,88-215
88,231,88-231
88,245,88-245
88,259,88-259
88,265,88-265
88,321,88-321
88,331,88-331
88,335,88-335
88,337,88-337
88,347,88-347
88,375,88-375
88,383,88-383
88,covers-n1+2,88-covers-n1+2
88,covers-n3+4,88-covers-n3+4
88,index,88-index
89,1,89-001
89,3,89-003
89,25,89-025
89,29,89-029
89,65,89-065
89,81,89-081
89,107,89-107
89,113,89-113
89,133,89-133
89,151,89-151
89,157,89-157
89,169,89-169
89,175,89-175
89,183,89-183
89,197,89-197
89,211,89-211
89,221,89-221
89,239,89-239
89,249,89-249
89,275,89-275
89,279,89-279
89,297,89-297
89,307,89-307
89,317,89-317
89,321,89-321
89,337,89-337
89,339,89-339
89,347,89-347
89,351,89-351
89,357,89-357
89,covers-n1+2,89-covers-n1+2
89,covers-n3+4,89-covers-n3+4
89,index,89-index
9,37,9-037
9,38,9-038
9,39,9-039
9,41,9-041
9,42,9-042
9,44,9-044
9,45,9-045
9,47,9-047
9,61,9-061
9,62,9-062
9,63,9-063
9,64,9-064
9,67,9-067
9,69,9-069
9,70,9-070
9,72,9-072
9,73,9-073
9,74,9-074
9,75,9-075
9,76,9-076
9,78,9-078
9,85,9-085
9,86,9-086
9,87,9-087
9,88,9-088
9,90,9-090
9,93,9-093
9,94,9-094
9,95,9-095
9,109,9-109
9,110,9-110
9,111,9-111
9,116,9-116
9,118,9-118
9,119,9-119
9,121,9-121
9,122,9-122
9,123,9-123
9,126,9-126
9,130,9-130
9,133,9-133
9,134,9-134
9,135,9-135
9,142,9-142
9,143,9-143
9,144,9-144
9,145,9-145
9,146,9-146
9,147,9-147
9,151,9-151
9,153,9-153
9,155,9-155
9,157,9-157
9,158,9-158
9,159,9-159
9,163,9-163
9,165,9-165
9,166,9-166
9,167,9-167
9,169,9-169
9,170,9-170
9,171,9-171
9,173,9-173
9,175,9-175
9,177,9-177
9,179,9-179
9,181,9-181
9,182,9-182
9,183,9-183
9,184,9-184
9,185,9-185
9,187,9-187
9,189,9-189
9,191,9-191
9,193,9-193
9,194,9-194
9,195,9-195
9,197,9-197
9,199,9-199
9,203,9-203
9,205,9-205
9,206,9-206
9,207,9-207
9,213,9-213
9,215,9-215
9,217,9-217
9,218,9-218
9,219,9-219
9,222,9-222
9,224,9-224
9,226,9-226
9,227,9-227
9,229,9-229
9,230,9-230
9,231,9-231
9,239,9-239
9,240,9-240
9,289,9-289
9,290,9-290
9,291,9-291
9,296,9-296
9,298,9-298
9,299,9-299
9,300,9-300
9,313,9-313
9,314,9-314
9,315,9-315
9,321,9-321
9,324,9-324
9,325,9-325
9,326,9-326
9,327,9-327
9,328,9-328
9,330,9-330
9,335,9-335
9,336,9-336
9,337,9-337
9,338,9-338
9,339,9-339
9,344,9-344
9,345,9-345
9,346,9-346
9,347,9-347
9,348,9-348
9,361,9-361
9,362,9-362
9,363,9-363
9,367,9-367
9,368,9-368
9,370,9-370
9,371,9-371
9,373,9-373
9,374,9-374
9,375,9-375
9,378,9-378
9,380,9-380
9,381,9-381
9,383,9-383
9,385,9-385
9,386,9-386
9,387,9-387
9,393,9-393
9,394,9-394
9,396,9-396
9,397,9-397
9,398,9-398
9,399,9-399
9,401,9-401
9,405,9-405
9,407,9-407
9,409,9-409
9,410,9-410
9,411,9-411
9,413,9-413
9,419,9-419
9,421,9-421
9,422,9-422
9,423,9-423
9,427,9-427
9,428,9-428
9,429,9-429
9,430,9-430
9,431,9-431
9,cover,9-cover
9,index,9-index
90,1,90-001
90,59,90-059
90,67,90-067
90,81,90-081
90,97,90-097
90,119,90-119
90,123,90-123
90,135,90-135
90,151,90-151
90,163,90-163
90,175,90-175
90,179,90-179
90,193,90-193
90,211,90-211
90,237,90-237
90,249,90-249
90,287,90-287
90,297,90-297
90,307,90-307
90,313,90-313
90,321,90-321
90,333,90-333
90,335,90-335
90,343,90-343
90,361,90-361
90,387,90-387
90,395,90-395
90,413,90-413
90,425,90-425
90,covers-n1+2,90-covers-n1+2
90,covers-n3,90-covers-n3
90,covers-n4,90-covers-n4
90,index,90-index
91,1,91-001
91,47,91-047
91,51,91-051
91,67,91-067
91,119,91-119
91,123,91-123
91,133,91-133
91,141,91-141
91,153,91-153
91,161,91-161
91,171,91-171
91,193,91-193
91,201,91-201
91,225,91-225
91,237,91-237
91,251,91-251
91,267,91-267
91,289,91-289
91,309,91-309
91,319,91-319
91,333,91-333
91,covers-n1+2,91-covers-n1+2
91,covers-n3+4,91-covers-n3+4
91,index,91-index
92,1,92-001
92,11,92-011
92,17,92-017
92,39,92-039
92,49,92-049
92,57,92-057
92,71,92-071
92,83,92-083
92,91,92-091
92,103,92-103
92,105,92-105
92,119,92-119
92,125,92-125
92,135,92-135
92,145,92-145
92,151,92-151
92,163,92-163
92,165,92-165
92,181,92-181
92,205,92-205
92,217,92-217
92,237,92-237
92,255,92-255
92,265,92-265
92,269,92-269
92,287,92-287
92,297,92-297
92,303,92-303
92,309,92-309
92,331,92-331
92,337,92-337
92,355,92-355
92,369,92-369
92,387,92-387
92,393,92-393
92,407,92-407
92,447,92-447
92,451,92-451
92,463,92-463
92,493,92-493
92,505,92-505
92,513,92-513
92,547,92-547
92,557,92-557
92,575,92-575
92,covers-n1,92-covers-n1
92,covers-n2+3,92-covers-n2+3
92,covers-n4,92-covers-n4
92,index,92-index
93,1,93-001
93,13,93-013
93,35,93-035
93,47,93-047
93,51,93-051
93,61,93-061
93,91,93-091
93,103,93-103
93,107,93-107
93,117,93-117
93,121,93-121
93,127,93-127
93,133,93-133
93,141,93-141
93,151,93-151
93,153,93-153
93,167,93-167
93,177,93-177
93,187,93-187
93,217,93-217
93,231,93-231
93,253,93-253
93,277,93-277
93,285,93-285
93,321,93-321
93,331,93-331
93,341,93-341
93,351,93-351
93,363,93-363
93,371,93-371
93,375,93-375
93,covers-n1+2,93-covers-n1+2
93,covers-n3+4,93-covers-n3+4
93,index,93-index
94,1,94-001
94,9,94-009
94,15,94-015
94,35,94-035
94,39,94-039
94,45,94-045
94,51,94-051
94,57,94-057
94,77,94-077
94,81,94-081
94,93,94-093
94,103,94-103
94,117,94-117
94,127,94-127
94,151,94-151
94,159,94-159
94,181,94-181
94,189,94-189
94,201,94-201
94,215,94-215
94,219,94-219
94,245,94-245
94,253,94-253
94,261,94-261
94,271,94-271
94,275,94-275
94,293,94-293
94,303,94-303
94,309,94-309
94,317,94-317
94,325,94-325
94,333,94-333
94,337,94-337
94,339,94-339
94,341,94-341
94,347,94-347
94,363,94-363
94,373,94-373
94,covers-n1+2,94-covers-n1+2
94,covers-n3+4,94-covers-n3+4
94,index,94-index
95,1,95-001
95,15,95-015
95,21,95-021
95,45,95-045
95,59,95-059
95,67,95-067
95,81,95-081
95,89,95-089
95,101,95-101
95,115,95-115
95,123,95-123
95,139,95-139
95,153,95-153
95,167,95-167
95,177,95-177
95,185,95-185
95,191,95-191
95,203,95-203
95,211,95-211
95,243,95-243
95,253,95-253
95,265,95-265
95,283,95-283
95,289,95-289
95,299,95-299
95,309,95-309
95,327,95-327
95,covers-n1+2,95-covers-n1+2
95,covers-n3+4,95-covers-n3+4
95,index,95-index
96,1,96-001
96,21,96-021
96,39,96-039
96,45,96-045
96,49,96-049
96,63,96-063
96,69,96-069
96,75,96-075
96,101,96-101
96,111,96-111
96,123,96-123
96,131,96-131
96,153,96-153
96,161,96-161
96,167,96-167
96,177,96-177
96,187,96-187
96,195,96-195
96,209,96-209
96,223,96-223
96,237,96-237
96,239,96-239
96,257,96-257
96,269,96-269
96,279,96-279
96,287,96-287
96,301,96-301
96,307,96-307
96,covers-n1+2,96-covers-n1+2
96,covers-n3+4,96-covers-n3+4
96,index,96-index
97,1,97-001
97,21,97-021
97,31,97-031
97,43,97-043
97,55,97-055
97,65,97-065
97,75,97-075
97,81,97-081
97,95,97-095
97,111,97-111
97,121,97-121
97,131,97-131
97,133,97-133
97,141,97-141
97,147,97-147
97,171,97-171
97,175,97-175
97,181,97-181
97,193,97-193
97,203,97-203
97,213,97-213
97,217,97-217
97,229,97-229
97,241,97-241
97,267,97-267
97,281,97-281
97,covers-n1+2,97-covers-n1+2
97,covers-n3+4,97-covers-n3+4
97,index,97-index
98,1,98-001
98,7,98-007
98,21,98-021
98,33,98-033
98,47,98-047
98,57,98-057
98,71,98-071
98,81,98-081
98,87,98-087
98,89,98-089
98,101,98-101
98,111,98-111
98,119,98-119
98,135,98-135
98,165,98-165
98,193,98-193
98,195,98-195
98,207,98-207
98,215,98-215
98,227,98-227
98,241,98-241
98,251,98-251
98,265,98-265
98,283,98-283
98,293,98-293
98,309,98-309
98,319,98-319
98,323,98-323
98,337,98-337
98,351,98-351
98,355,98-355
98,361,98-361
98,373,98-373
98,covers-n1,98-covers-n1
98,covers-n2+3,98-covers-n2+3
98,covers-n4,98-covers-n4
98,index,98-index
99,3,99-003
99,15,99-015
99,23,99-023
99,31,99-031
99,35,99-035
99,49,99-049
99,55,99-055
99,87,99-087
99,95,99-095
99,103,99-103
99,117,99-117
99,129,99-129
99,141,99-141
99,147,99-147
99,153,99-153
99,169,99-169
99,185,99-185
99,189,99-189
99,199,99-199
99,207,99-207
99,214,99-214
99,221,99-221
99,241,99-241
99,245,99-245
99,265,99-265
99,275,99-275
99,291,99-291
99,309,99-309
99,323,99-323
99,335,99-335
99,covers-n1,99-covers-n1
99,covers-n2+3,99-covers-n2+3
99,covers-n4,99-covers-n4
99,index,99-index
100,1,100-001
100,5,100-005
100,25,100-025
100,35,100-035
100,43,100-043
100,51,100-051
100,65,100-065
100,77,100-077
100,83,100-083
100,93,100-093
100,121,100-121
100,127,100-127
100,137,100-137
100,151,100-151
100,163,100-163
100,173,100-173
100,177,100-177
100,185,100-185
100,209,100-209
100,223,100-223
100,covers-n1+2,100-covers-n1+2
100,covers-n3+4,100-covers-n3+4
100,index,100-index
101,1,101-001
101,13,101-013
101,19,101-019
101,33,101-033
101,37,101-037
101,45,101-045
101,53,101-053
101,59,101-059
101,85,101-085
101,93,101-093
101,109,101-109
101,113,101-113
101,119,101-119
101,127,101-127
101,145,101-145
101,159,101-159
101,175,101-175
101,183,101-183
101,187,101-187
101,195,101-195
101,203,101-203
101,209,101-209
101,219,101-219
101,221,101-221
101,229,101-229
101,243,101-243
101,257,101-257
101,covers-n1+2,101-covers-n1+2
101,covers-n3+4,101-covers-n3+4
101,index,101-index
102,1,102-001
102,13,102-013
102,19,102-019
102,27,102-027
102,35,102-035
102,49,102-049
102,73,102-073
102,79,102-079
102,89,102-089
102,99,102-099
102,121,102-121
102,131,102-131
102,147,102-147
102,151,102-151
102,169,102-169
102,173,102-173
102,187,102-187
102,195,102-195
102,215,102-215
102,covers-n1+2,102-covers-n1+2
102,covers-n3+4,102-covers-n3+4
102,index,102-index
103,1,103-001
103,25,103-025
103,37,103-037
103,49,103-049
103,55,103-055
103,85,103-085
103,95,103-095
103,covers-n1-2,103-covers-n1-2
